year,spend,sales,revenue_per_dollar
2018,384561.83,569560.78,1.481064254348904
2019,272181.71,505560.27,1.8574365999831508
2020,372067.48,572372.83,1.5383575850273181
2021,307292.02999999997,486134.42,1.5819948861023179
