year,channel,pct_of_spend
2018,TikTok,48.772445772894315
2019,TikTok,35.12033927628716
2020,TikTok,47.01838494458048
2021,TikTok,42.67929109648564
2018,Facebook,32.90673960023542
2019,Facebook,34.04539930328163
2020,Facebook,33.97729358126112
2021,Facebook,31.59419396591574
2018,Google Ads,18.320814626870277
2019,Google Ads,30.83426142043123
2020,Google Ads,19.0043214741584
2021,Google Ads,25.726514937598605
