category,stockout_rate,revenue
Clothing,0.4523026315789474,77253321.4235
Electronics,0.5043859649122807,59830311.9765
Furniture,0.3362573099415205,100893038.7075
Groceries,0.6842105263157895,152957810.2115
Toys,0.4793233082706767,21656107.505
