policy,lost_revenue,holding_cost,total_cost
Current (actual),2381024.2863057824,0.0,2381024.2863057824
80% service level,43814224.701171525,178070.16394254,43992294.86511406
95% service level,21616620.187765513,229543.57070718042,21846163.758472692
99% service level,4327161.322716287,324143.3453016548,4651304.668017942
