dti_band,default_rate
0-10,14.862188584042887
10-20,17.942340637048286
20-30,23.19322213664314
30+,29.531505312533024
