rule,n,default_rate,net_impact
dti>25 & revol_util>80,49377,28.701622212771127,-27094857.772777807
dti>30,123487,29.520516329654136,1545839.4901941046
revol_util>90,78266,23.4852937418547,-75167756.50307772
small_business & dti>20,3845,35.24057217165149,2067328.4744793293
